Name, Address, Phone
Berard Thomas Md," Palo Alto, CA 94301", 650-723-6995
Flowers Stephanie Dvm," Palo Alto, CA 94301", 650-324-1411
Barbara Susan Kollin,"2327 Ramona StPalo Alto, CA 94301", 650-321-6797
Altos Equine Practice,"PO Box 50370Palo Alto, CA 94303", 650-855-9626
South Peninsula Veterinary,"3045 Middlefield RdPalo Alto, CA 94306", 650-494-1461
Animal Doctors,"461 Page Mill RdPalo Alto, CA 94306", 650-325-1343
El Camino Animal Hospital,"2951 El Camino RealPalo Alto, CA 94306", 650-326-1211
Vet Tech Medical LLC,"915 Oakes StPalo Alto, CA 94303", 650-326-2991
Bayshore Animal Hospital,"630 Donohoe StPalo Alto, CA 94303", 650-327-7387
City Of Palo Alto,"3281 E Bayshore RdPalo Alto, CA 94303", 650-329-2413
Stanford Pet Clinic,"4111 El Camino RealPalo Alto, CA 94306", 650-493-4233
Alto Palo Pet Hospital,"4111 El Camino RealPalo Alto, CA 94306", 650-323-8558
Stanford Hospital and Clinics,"300 Pasteur DrPalo Alto, CA 94304", 650-723-7676
Page Mill Pet Hospital,"370 Christopher CtPalo Alto, CA 94306", 650-327-6771
